i,j,distance,min,max
351,1008,27623,27623,27627
351,1041,27623,27623,27627
351,1168,27623,27623,27627
351,1195,27623,27623,27627
351,1204,27622,27622,27627
351,1053,27621,27621,27627
351,1027,27620,27620,27627
351,1037,27620,27620,27627
351,1318,27619,27619,27627
351,1410,27620,27618,27627
351,1338,27617,27617,27627
351,1529,27617,27617,27627
351,1702,27617,27617,27627
351,1039,27613,27613,27627
351,1145,27613,27613,27627
351,1532,27613,27613,27627
351,1531,27611,27611,27627
351,960,27608,27608,27627
351,1710,27607,27607,27627
351,2148,27605,27605,27627
351,1442,27605,27604,27627
351,1090,27602,27602,27627
351,1003,27601,27601,27627
351,1038,27600,27600,27627
351,1056,27600,27600,27627
351,1530,27600,27600,27627
351,1207,27599,27599,27627
351,1424,27599,27599,27627
351,1080,27597,27597,27627
351,1256,27594,27594,27627
351,1057,27593,27593,27627
351,937,27591,27591,27627
351,952,27590,27590,27627
351,1311,27590,27590,27627
351,1460,27590,27590,27627
351,1055,27589,27589,27627
351,2578,27589,27589,27627
351,531,27588,27588,27627
351,955,27588,27588,27627
351,2726,27588,27588,27627
351,1028,27587,27587,27627
351,1943,27587,27587,27627
351,970,27587,27586,27627
351,1198,27586,27586,27627
351,1235,27586,27586,27627
351,1097,27585,27585,27627
351,1807,27585,27585,27627
351,1036,27585,27583,27627
351,1403,27581,27581,27627
351,1263,27580,27580,27627
351,1024,27580,27579,27627
351,1076,27579,27579,27627
351,1497,27578,27578,27627
351,1312,27577,27577,27627
351,1307,27577,27576,27627
351,621,27578,27575,27627
351,1363,27574,27574,27627
351,3045,27574,27574,27627
351,1261,27573,27573,27627
16,351,27573,27572,27627
351,1264,27572,27572,27627
351,1025,27575,27571,27627
351,2093,27571,27571,27627
351,1262,27570,27570,27627
351,1314,27571,27570,27627
351,1940,27569,27569,27627
351,1374,27568,27568,27627
351,2002,27568,27568,27627
351,2950,27568,27568,27627
351,998,27565,27565,27627
351,1206,27565,27565,27627
351,2202,27565,27565,27627
351,3028,27566,27565,27627
351,2585,27564,27564,27627
351,972,27563,27563,27627
351,1355,27563,27563,27627
351,1000,27562,27562,27627
351,1132,27562,27562,27627
351,1137,27562,27562,27627
351,1234,27562,27562,27627
351,925,27561,27561,27627
351,2139,27561,27561,27627
351,2995,27561,27561,27627
351,380,27559,27559,27627
351,1613,27557,27557,27627
351,2252,27557,27557,27627
351,1105,27559,27555,27627
351,1122,27560,27555,27627
351,1131,27554,27554,27627
351,1548,27554,27554,27627
351,2196,27554,27554,27627
351,2246,27553,27553,27627
351,3070,27552,27552,27627
351,1675,27550,27550,27627
351,2712,27552,27550,27627
351,641,27547,27547,27627
351,2497,27548,27547,27627
351,956,27546,27546,27627
351,1639,27546,27546,27627
351,1205,27560,27545,27627
351,1407,27545,27545,27627
351,2447,-1,27545,27627
351,1059,-1,27543,27627
351,1834,-1,27543,27627
351,1293,-1,27542,27627
351,1401,-1,27542,27627
351,1199,-1,27540,27627
351,1226,-1,27540,27627
351,2116,-1,27540,27627
351,2421,-1,27539,27627
351,2227,-1,27538,27627
351,3073,-1,27538,27627
351,1141,-1,27537,27627
351,1578,-1,27537,27627
351,1005,-1,27536,27627
351,1341,-1,27535,27627
351,1186,-1,27533,27627
351,1974,-1,27532,27627
351,2147,-1,27531,27627
351,2455,-1,27531,27627
351,992,-1,27529,27627
351,1208,-1,27529,27627
351,2249,-1,27527,27627
351,642,-1,27526,27627
351,932,-1,27526,27627
351,993,-1,27526,27627
351,1202,-1,27526,27627
351,1539,-1,27526,27627
351,2656,-1,27526,27627
351,1611,-1,27525,27627
351,1432,-1,27524,27627
351,1192,-1,27523,27627
351,2527,-1,27523,27627
351,1088,-1,27522,27627
351,1760,-1,27522,27627
351,2441,-1,27522,27627
324,351,-1,27520,27627
351,1182,-1,27520,27627
351,1269,-1,27520,27627
351,2958,-1,27520,27627
351,1383,-1,27519,27627
351,1909,-1,27517,27627
351,2302,-1,27516,27627
351,1583,-1,27515,27627
351,1660,-1,27513,27627
351,968,-1,27512,27627
351,1048,-1,27512,27627
351,2706,-1,27512,27627
351,2244,-1,27511,27627
351,2963,-1,27511,27627
351,1670,-1,27510,27627
351,1908,-1,27509,27627
351,2016,-1,27509,27627
351,2180,-1,27509,27627
351,1631,-1,27508,27627
351,2064,-1,27508,27627
351,2848,-1,27508,27627
351,2843,-1,27507,27627
351,1597,-1,27506,27627
351,983,-1,27505,27627
351,1070,-1,27504,27627
351,1282,-1,27504,27627
351,1553,-1,27504,27627
351,2989,-1,27504,27627
351,1276,-1,27503,27627
351,1420,-1,27499,27627
351,1644,-1,27499,27627
351,1960,-1,27499,27627
351,2122,-1,27499,27627
351,1175,-1,27498,27627
351,962,-1,27497,27627
351,1174,-1,27496,27627
351,999,-1,27495,27627
351,1248,-1,27495,27627
351,2402,-1,27495,27627
351,1381,-1,27494,27627
106,351,-1,27493,27627
351,1993,-1,27493,27627
110,351,-1,27492,27627
351,1006,-1,27491,27627
351,1298,-1,27490,27627
351,2321,-1,27490,27627
351,2825,-1,27488,27627
351,590,-1,27487,27627
351,1030,-1,27487,27627
351,2721,-1,27487,27627
351,1812,-1,27486,27627
351,1863,-1,27486,27627
351,1158,-1,27485,27627
351,1011,-1,27482,27627
351,1259,-1,27482,27627
351,2537,-1,27482,27627
351,1633,-1,27481,27627
351,2670,-1,27481,27627
351,1882,-1,27480,27627
351,1015,-1,27479,27627
351,1183,-1,27479,27627
351,2851,-1,27479,27627
351,1243,-1,27478,27627
351,1515,-1,27478,27627
351,2622,-1,27477,27627
351,2937,-1,27477,27627
351,3063,-1,27477,27627
351,2691,-1,27476,27627
351,2375,-1,27474,27627
351,1643,-1,27473,27627
351,528,-1,27472,27627
351,2123,-1,27472,27627
351,2895,-1,27471,27627
351,1947,-1,27469,27627
351,2663,-1,27468,27627
351,2801,-1,27468,27627
351,1267,-1,27467,27627
351,1964,-1,27467,27627
351,1440,-1,27466,27627
351,1387,-1,27465,27627
351,2829,-1,27464,27627
351,1550,-1,27463,27627
351,2053,-1,27462,27627
351,2286,-1,27462,27627
351,2390,-1,27462,27627
351,1876,-1,27461,27627
351,2412,-1,27461,27627
351,1136,-1,27459,27627
351,1977,-1,27459,27627
351,2429,-1,27459,27627
351,1134,-1,27458,27627
351,1766,-1,27458,27627
351,2173,-1,27458,27627
351,948,-1,27457,27627
351,2879,-1,27457,27627
351,1721,-1,27456,27627
351,869,-1,27455,27627
351,1190,-1,27453,27627
351,1945,-1,27452,27627
351,2722,-1,27452,27627
351,2413,-1,27451,27627
351,2433,-1,27450,27627
351,3025,-1,27450,27627
351,2047,-1,27449,27627
351,2984,-1,27449,27627
351,3047,-1,27448,27627
351,1669,-1,27447,27627
351,1918,-1,27446,27627
351,2301,-1,27446,27627
300,351,-1,27445,27627
351,2945,-1,27445,27627
351,1638,-1,27444,27627
99,351,-1,27443,27627
351,1079,-1,27443,27627
351,1886,-1,27443,27627
351,2052,-1,27443,27627
351,3021,-1,27442,27627
351,1162,-1,27441,27627
351,1406,-1,27441,27627
351,2470,-1,27441,27627
351,2177,-1,27440,27627
351,2247,-1,27440,27627
351,2378,-1,27440,27627
351,2165,-1,27439,27627
351,1503,-1,27438,27627
351,1752,-1,27438,27627
351,2021,-1,27436,27627
351,1783,-1,27435,27627
351,1321,-1,27433,27627
351,1484,-1,27433,27627
351,2437,-1,27433,27627
351,1599,-1,27431,27627
351,1040,-1,27430,27627
351,1054,-1,27430,27627
323,351,-1,27429,27627
351,1774,-1,27428,27627
351,3005,-1,27428,27627
351,2024,-1,27427,27627
351,1098,-1,27426,27627
351,2593,-1,27426,27627
351,994,-1,27425,27627
351,1191,-1,27425,27627
351,1840,-1,27425,27627
351,1595,-1,27424,27627
351,2210,-1,27424,27627
351,2349,-1,27424,27627
351,1144,-1,27421,27627
351,1928,-1,27421,27627
351,2235,-1,27420,27627
351,2835,-1,27420,27627
310,351,-1,27418,27627
351,3019,-1,27416,27627
351,1061,-1,27415,27627
351,2906,-1,27415,27627
24,351,-1,27412,27627
112,351,-1,27411,27627
351,995,-1,27411,27627
351,1524,-1,27411,27627
351,1869,-1,27411,27627
351,2343,-1,27410,27627
351,2735,-1,27408,27627
351,1173,-1,27407,27627
351,1799,-1,27407,27627
351,1111,-1,27406,27627
351,1391,-1,27405,27627
351,2570,-1,27404,27627
351,2834,-1,27402,27627
351,1988,-1,27400,27627
351,2515,-1,27400,27627
351,2523,-1,27400,27627
351,3003,-1,27399,27627
113,351,-1,27398,27627
351,1745,-1,27397,27627
77,351,-1,27396,27627
351,2597,-1,27396,27627
351,2175,-1,27395,27627
351,1013,-1,27394,27627
351,1698,-1,27393,27627
351,934,-1,27392,27627
351,2027,-1,27392,27627
351,1062,-1,27391,27627
351,1099,-1,27391,27627
351,1143,-1,27391,27627
351,1881,-1,27391,27627
351,1058,-1,27390,27627
351,2481,-1,27390,27627
351,1328,-1,27389,27627
351,1001,-1,27387,27627
351,1627,-1,27387,27627
351,2326,-1,27387,27627
351,2919,-1,27384,27627
351,1203,-1,27383,27627
351,1975,-1,27382,27627
351,1091,-1,27380,27627
351,1769,-1,27380,27627
351,2707,-1,27377,27627
145,351,-1,27376,27627
351,1155,-1,27376,27627
351,1722,-1,27376,27627
351,2435,-1,27376,27627
351,1213,-1,27375,27627
351,991,-1,27374,27627
53,351,-1,27373,27627
351,1949,-1,27373,27627
351,2806,-1,27371,27627
351,959,-1,27369,27627
351,2192,-1,27369,27627
351,2389,-1,27368,27627
351,1002,-1,27367,27627
351,1063,-1,27367,27627
351,2146,-1,27367,27627
351,2890,-1,27367,27627
351,2636,-1,27366,27627
351,2554,-1,27365,27627
351,2163,-1,27364,27627
351,1083,-1,27363,27627
351,1792,-1,27363,27627
351,2985,-1,27363,27627
351,1418,-1,27362,27627
351,2822,-1,27362,27627
150,351,-1,27360,27627
351,1116,-1,27360,27627
351,3069,-1,27360,27627
351,2661,-1,27358,27627
351,1133,-1,27357,27627
351,1536,-1,27357,27627
351,698,-1,27356,27627
351,1072,-1,27356,27627
351,996,-1,27355,27627
351,1854,-1,27355,27627
351,2181,-1,27355,27627
351,2238,-1,27355,27627
351,1561,-1,27352,27627
351,1692,-1,27352,27627
351,1920,-1,27352,27627
351,2383,-1,27352,27627
351,2388,-1,27350,27627
351,2927,-1,27350,27627
351,1112,-1,27348,27627
12,351,-1,27345,27627
351,2182,-1,27345,27627
351,2154,-1,27343,27627
351,1065,-1,27342,27627
351,1228,-1,27342,27627
351,1244,-1,27341,27627
351,1327,-1,27341,27627
351,1392,-1,27341,27627
351,2794,-1,27341,27627
351,1149,-1,27340,27627
351,2266,-1,27340,27627
351,2355,-1,27340,27627
351,1357,-1,27339,27627
351,2563,-1,27339,27627
351,1022,-1,27337,27627
351,2103,-1,27337,27627
86,351,-1,27336,27627
351,1826,-1,27336,27627
351,2009,-1,27335,27627
351,2742,-1,27334,27627
351,1790,-1,27333,27627
351,1197,-1,27332,27627
351,2309,-1,27331,27627
351,2392,-1,27331,27627
351,2575,-1,27329,27627
85,351,-1,27326,27627
351,1707,-1,27326,27627
351,2315,-1,27325,27627
336,351,-1,27323,27627
351,2380,-1,27323,27627
35,351,-1,27322,27627
351,2174,-1,27322,27627
351,2255,-1,27322,27627
351,1296,-1,27321,27627
351,2902,-1,27321,27627
351,1905,-1,27319,27627
351,2703,-1,27319,27627
97,351,-1,27318,27627
339,351,-1,27316,27627
351,1221,-1,27316,27627
351,1339,-1,27316,27627
30,351,-1,27315,27627
309,351,-1,27313,27627
351,366,-1,27312,27627
351,924,-1,27312,27627
351,1216,-1,27312,27627
351,2673,-1,27312,27627
351,2568,-1,27308,27627
351,2316,-1,27304,27627
351,2684,-1,27302,27627
351,1068,-1,27301,27627
93,351,-1,27300,27627
351,1831,-1,27300,27627
351,2312,-1,27300,27627
351,3016,-1,27299,27627
351,1953,-1,27297,27627
351,2304,-1,27296,27627
351,2671,-1,27295,27627
351,1151,-1,27294,27627
351,2106,-1,27294,27627
346,351,-1,27292,27627
351,2797,-1,27292,27627
351,2901,-1,27289,27627
351,1865,-1,27288,27627
351,1899,-1,27288,27627
351,1225,-1,27286,27627
351,1565,-1,27286,27627
351,1217,-1,27284,27627
351,2968,-1,27283,27627
351,2720,-1,27282,27627
351,1973,-1,27281,27627
351,1010,-1,27279,27627
351,1159,-1,27279,27627
351,2686,-1,27279,27627
351,1890,-1,27278,27627
351,1823,-1,27276,27627
351,1910,-1,27275,27627
351,2096,-1,27275,27627
18,351,-1,27273,27627
351,913,-1,27273,27627
351,1785,-1,27273,27627
351,1861,-1,27273,27627
351,1996,-1,27273,27627
351,2692,-1,27273,27627
351,740,-1,27270,27627
351,2191,-1,27270,27627
351,2926,-1,27270,27627
351,419,-1,27269,27627
351,2079,-1,27269,27627
351,971,-1,27268,27627
351,1819,-1,27268,27627
351,1147,-1,27267,27627
351,1308,-1,27267,27627
351,1853,-1,27267,27627
351,2001,-1,27267,27627
351,938,-1,27266,27627
351,984,-1,27266,27627
351,2676,-1,27266,27627
94,351,-1,27265,27627
351,2337,-1,27265,27627
87,351,-1,27264,27627
129,351,-1,27264,27627
351,2160,-1,27264,27627
351,2425,-1,27264,27627
351,3053,-1,27264,27627
325,351,-1,27262,27627
351,1034,-1,27262,27627
351,552,-1,27260,27627
351,2144,-1,27260,27627
351,1719,-1,27259,27627
351,1622,-1,27258,27627
351,2836,-1,27258,27627
351,2126,-1,27257,27627
351,2710,-1,27257,27627
351,1021,-1,27256,27627
351,1870,-1,27256,27627
351,1200,-1,27255,27627
351,3012,-1,27255,27627
351,3048,-1,27255,27627
351,1325,-1,27254,27627
351,2132,-1,27254,27627
179,351,-1,27253,27627
351,1852,-1,27253,27627
351,2152,-1,27253,27627
351,2679,-1,27253,27627
351,1694,-1,27251,27627
351,1976,-1,27251,27627
351,3084,-1,27251,27627
351,2063,-1,27249,27627
351,2114,-1,27249,27627
351,3055,-1,27249,27627
50,351,-1,27248,27627
351,1400,-1,27248,27627
351,2833,-1,27246,27627
351,2837,-1,27244,27627
351,1885,-1,27243,27627
351,488,-1,27242,27627
351,791,-1,27242,27627
351,2386,-1,27242,27627
351,2924,-1,27242,27627
351,1902,-1,27241,27627
351,2450,-1,27240,27627
351,2230,-1,27238,27627
45,351,-1,27237,27627
351,1417,-1,27236,27627
351,3065,-1,27236,27627
351,2353,-1,27235,27627
351,2759,-1,27235,27627
351,1377,-1,27233,27627
351,2463,-1,27233,27627
33,351,-1,27231,27627
351,1188,-1,27229,27627
351,2031,-1,27226,27627
351,2057,-1,27225,27627
351,2630,-1,27225,27627
351,1828,-1,27224,27627
98,351,-1,27223,27627
351,420,-1,27223,27627
351,2017,-1,27223,27627
66,351,-1,27221,27627
351,1272,-1,27221,27627
351,2143,-1,27221,27627
351,1970,-1,27220,27627
351,2417,-1,27219,27627
351,1249,-1,27218,27627
351,2561,-1,27218,27627
351,2917,-1,27218,27627
351,1288,-1,27217,27627
351,2065,-1,27217,27627
351,1029,-1,27216,27627
40,351,-1,27215,27627
351,2440,-1,27215,27627
154,351,-1,27214,27627
351,1302,-1,27213,27627
351,1488,-1,27213,27627
351,1358,-1,27212,27627
351,1120,-1,27211,27627
351,2172,-1,27211,27627
351,1956,-1,27210,27627
351,1610,-1,27209,27627
351,1843,-1,27207,27627
351,2657,-1,27205,27627
28,351,-1,27204,27627
351,3067,-1,27204,27627
351,526,-1,27203,27627
351,3064,-1,27203,27627
351,1903,-1,27202,27627
351,2074,-1,27202,27627
351,2781,-1,27202,27627
351,2245,-1,27201,27627
109,351,-1,27198,27627
351,1827,-1,27198,27627
351,974,-1,27196,27627
351,2751,-1,27196,27627
351,2789,-1,27194,27627
351,1220,-1,27193,27627
351,2462,-1,27193,27627
351,1835,-1,27192,27627
351,2472,-1,27192,27627
351,1475,-1,27190,27627
351,1375,-1,27188,27627
351,1016,-1,27187,27627
351,513,-1,27186,27627
351,3051,-1,27186,27627
351,2305,-1,27185,27627
351,1042,-1,27184,27627
351,1135,-1,27184,27627
101,351,-1,27182,27627
351,2830,-1,27182,27627
351,2967,-1,27181,27627
351,2649,-1,27180,27627
91,351,-1,27179,27627
351,2853,-1,27178,27627
351,1126,-1,27177,27627
351,1089,-1,27176,27627
351,2650,-1,27176,27627
351,961,-1,27175,27627
351,595,-1,27174,27627
351,1402,-1,27174,27627
351,1805,-1,27172,27627
351,1914,-1,27172,27627
351,2404,-1,27172,27627
351,1862,-1,27170,27627
351,2171,-1,27170,27627
351,2351,-1,27168,27627
322,351,-1,27167,27627
351,479,-1,27166,27627
351,480,-1,27166,27627
351,2005,-1,27166,27627
351,997,-1,27165,27627
351,2199,-1,27165,27627
104,351,-1,27164,27627
351,1340,-1,27164,27627
351,1352,-1,27164,27627
351,1367,-1,27164,27627
351,2961,-1,27164,27627
351,2350,-1,27162,27627
351,2996,-1,27162,27627
351,2683,-1,27161,27627
351,876,-1,27160,27627
351,2313,-1,27160,27627
351,1893,-1,27159,27627
351,1872,-1,27158,27627
351,2953,-1,27158,27627
351,1107,-1,27157,27627
351,1868,-1,27156,27627
75,351,-1,27155,27627
351,2660,-1,27153,27627
351,2715,-1,27151,27627
175,351,-1,27149,27627
351,1889,-1,27149,27627
63,351,-1,27148,27627
83,351,-1,27148,27627
14,351,-1,27147,27627
351,2581,-1,27147,27627
134,351,-1,27145,27627
351,2695,-1,27142,27627
351,2887,-1,27141,27627
351,2999,-1,27141,27627
130,351,-1,27138,27627
351,2084,-1,27137,27627
351,2713,-1,27137,27627
61,351,-1,27136,27627
351,1555,-1,27136,27627
351,2361,-1,27136,27627
351,929,-1,27135,27627
351,2382,-1,27135,27627
351,3075,-1,27135,27627
351,2867,-1,27134,27627
351,2176,-1,27132,27627
256,351,-1,27131,27627
351,1181,-1,27131,27627
351,2631,-1,27131,27627
351,2938,-1,27127,27627
351,1901,-1,27126,27627
351,565,-1,27121,27627
351,2169,-1,27118,27627
351,2761,-1,27116,27627
351,1366,-1,27115,27627
351,2418,-1,27115,27627
351,969,-1,27114,27627
351,1050,-1,27114,27627
351,2118,-1,27114,27627
120,351,-1,27112,27627
351,398,-1,27111,27627
351,2028,-1,27108,27627
117,351,-1,27105,27627
351,2049,-1,27105,27627
351,2358,-1,27105,27627
351,3007,-1,27104,27627
351,2533,-1,27103,27627
351,2609,-1,27101,27627
351,1161,-1,27098,27627
351,1671,-1,27098,27627
351,2464,-1,27098,27627
351,2474,-1,27098,27627
351,891,-1,27097,27627
351,2694,-1,27097,27627
351,1351,-1,27096,27627
351,499,-1,27095,27627
351,1590,-1,27094,27627
80,351,-1,27092,27627
351,1875,-1,27091,27627
351,2863,-1,27090,27627
351,1820,-1,27089,27627
81,351,-1,27087,27627
351,2627,-1,27087,27627
351,1533,-1,27086,27627
351,1594,-1,27086,27627
351,3086,-1,27086,27627
237,351,-1,27085,27627
56,351,-1,27083,27627
351,1844,-1,27083,27627
351,2653,-1,27082,27627
351,975,-1,27081,27627
351,2012,-1,27081,27627
351,1171,-1,27080,27627
351,2689,-1,27080,27627
351,2872,-1,27080,27627
351,1983,-1,27078,27627
351,522,-1,27076,27627
39,351,-1,27075,27627
55,351,-1,27075,27627
67,351,-1,27075,27627
351,2495,-1,27075,27627
4,351,-1,27071,27627
351,985,-1,27071,27627
351,1113,-1,27071,27627
351,920,-1,27070,27627
351,2484,-1,27070,27627
351,3010,-1,27068,27627
138,351,-1,27067,27627
276,351,-1,27067,27627
351,2904,-1,27065,27627
351,2452,-1,27063,27627
351,944,-1,27061,27627
351,1274,-1,27060,27627
260,351,-1,27059,27627
351,2730,-1,27059,27627
351,378,-1,27055,27627
351,2233,-1,27054,27627
351,2253,-1,27054,27627
351,2898,-1,27054,27627
64,351,-1,27051,27627
351,1452,-1,27049,27627
351,2610,-1,27047,27627
351,2866,-1,27047,27627
351,2975,-1,27044,27627
351,1218,-1,27043,27627
351,2544,-1,27043,27627
351,3077,-1,27043,27627
96,351,-1,27042,27627
351,476,-1,27042,27627
151,351,-1,27041,27627
351,1713,-1,27041,27627
351,2299,-1,27041,27627
7,351,-1,27039,27627
351,1704,-1,27038,27627
351,1741,-1,27036,27627
351,2405,-1,27036,27627
351,865,-1,27035,27627
351,2545,-1,27034,27627
206,351,-1,27033,27627
351,2329,-1,27033,27627
351,2477,-1,27033,27627
301,351,-1,27032,27627
351,2137,-1,27031,27627
351,1095,-1,27030,27627
351,1124,-1,27030,27627
351,2548,-1,27029,27627
351,1316,-1,27027,27627
351,1874,-1,27026,27627
351,2969,-1,27024,27627
351,2385,-1,27023,27627
351,1014,-1,27020,27627
351,1084,-1,27019,27627
351,2746,-1,27019,27627
351,2018,-1,27016,27627
351,977,-1,27015,27627
351,1961,-1,27014,27627
10,351,-1,27013,27627
248,351,-1,27013,27627
351,1035,-1,27013,27627
19,351,-1,27012,27627
351,2037,-1,27012,27627
36,351,-1,27011,27627
351,2680,-1,27011,27627
351,2293,-1,27010,27627
351,2536,-1,27010,27627
27,351,-1,27009,27627
351,1784,-1,27009,27627
351,2080,-1,27009,27627
351,2221,-1,27008,27627
351,2798,-1,27005,27627
225,351,-1,27002,27627
351,2003,-1,27002,27627
47,351,-1,26999,27627
351,2046,-1,26999,27627
351,2944,-1,26999,27627
195,351,-1,26997,27627
351,605,-1,26997,27627
351,395,-1,26996,27627
351,2166,-1,26995,27627
89,351,-1,26994,27627
351,2729,-1,26993,27627
351,2983,-1,26993,27627
351,2384,-1,26992,27627
69,351,-1,26991,27627
351,1394,-1,26989,27627
351,2748,-1,26988,27627
72,351,-1,26987,27627
319,351,-1,26987,27627
351,1867,-1,26987,27627
351,2099,-1,26987,27627
351,898,-1,26986,27627
351,2550,-1,26984,27627
351,2263,-1,26983,27627
351,2590,-1,26983,27627
351,1938,-1,26982,27627
351,2241,-1,26982,27627
351,2540,-1,26981,27627
102,351,-1,26979,27627
196,351,-1,26979,27627
351,588,-1,26975,27627
351,1811,-1,26975,27627
351,2529,-1,26975,27627
351,2629,-1,26973,27627
351,1380,-1,26972,27627
351,2188,-1,26972,27627
351,1898,-1,26971,27627
351,3057,-1,26971,27627
351,481,-1,26969,27627
351,2634,-1,26968,27627
351,2672,-1,26968,27627
351,1172,-1,26967,27627
351,2553,-1,26966,27627
147,351,-1,26965,27627
351,2990,-1,26964,27627
351,2555,-1,26961,27627
351,2647,-1,26961,27627
351,3076,-1,26961,27627
351,1246,-1,26960,27627
351,2614,-1,26960,27627
351,2187,-1,26958,27627
351,856,-1,26956,27627
351,3085,-1,26956,27627
351,766,-1,26953,27627
351,1897,-1,26952,27627
351,2736,-1,26950,27627
351,2415,-1,26949,27627
351,3037,-1,26946,27627
351,418,-1,26945,27627
351,3054,-1,26944,27627
108,351,-1,26943,27627
351,2108,-1,26943,27627
351,3068,-1,26943,27627
351,647,-1,26942,27627
351,2381,-1,26942,27627
351,2067,-1,26941,27627
3,351,-1,26939,27627
148,351,-1,26939,27627
351,2842,-1,26939,27627
351,1009,-1,26938,27627
351,2476,-1,26937,27627
351,799,-1,26936,27627
351,1018,-1,26934,27627
351,2060,-1,26933,27627
351,2882,-1,26932,27627
351,644,-1,26931,27627
351,1165,-1,26929,27627
351,2190,-1,26929,27627
351,1326,-1,26927,27627
351,1169,-1,26925,27627
351,2051,-1,26925,27627
351,2665,-1,26920,27627
351,2641,-1,26919,27627
351,2059,-1,26916,27627
351,2248,-1,26914,27627
351,2731,-1,26914,27627
351,2773,-1,26914,27627
121,351,-1,26913,27627
351,2136,-1,26913,27627
76,351,-1,26912,27627
351,957,-1,26912,27627
351,1445,-1,26911,27627
351,2608,-1,26911,27627
351,982,-1,26910,27627
351,2599,-1,26910,27627
68,351,-1,26908,27627
82,351,-1,26907,27627
49,351,-1,26906,27627
351,1997,-1,26904,27627
351,2342,-1,26904,27627
351,897,-1,26902,27627
351,2260,-1,26899,27627
351,2290,-1,26894,27627
205,351,-1,26893,27627
351,2621,-1,26893,27627
351,2129,-1,26892,27627
351,2276,-1,26892,27627
60,351,-1,26891,27627
351,2145,-1,26890,27627
351,421,-1,26887,27627
157,351,-1,26884,27627
351,2010,-1,26884,27627
6,351,-1,26881,27627
351,3006,-1,26877,27627
25,351,-1,26876,27627
351,890,-1,26876,27627
351,1850,-1,26875,27627
351,1892,-1,26875,27627
351,2546,-1,26874,27627
351,1935,-1,26869,27627
351,950,-1,26868,27627
326,351,-1,26867,27627
351,430,-1,26865,27627
351,1754,-1,26865,27627
351,3049,-1,26865,27627
269,351,-1,26864,27627
351,1237,-1,26864,27627
351,2619,-1,26863,27627
351,634,-1,26862,27627
351,2243,-1,26861,27627
351,2567,-1,26861,27627
185,351,-1,26860,27627
245,351,-1,26859,27627
351,2050,-1,26859,27627
351,399,-1,26858,27627
351,1786,-1,26857,27627
74,351,-1,26856,27627
351,2891,-1,26856,27627
351,808,-1,26854,27627
351,2164,-1,26854,27627
335,351,-1,26851,27627
351,1814,-1,26851,27627
351,1838,-1,26850,27627
351,2606,-1,26850,27627
351,2826,-1,26849,27627
348,351,-1,26848,27627
351,933,-1,26847,27627
351,769,-1,26846,27627
351,2039,-1,26846,27627
351,2178,-1,26846,27627
351,608,-1,26845,27627
351,756,-1,26844,27627
342,351,-1,26843,27627
351,1981,-1,26843,27627
351,1848,-1,26841,27627
5,351,-1,26840,27627
351,2020,-1,26840,27627
351,2771,-1,26840,27627
351,727,-1,26839,27627
351,2682,-1,26839,27627
351,848,-1,26837,27627
351,1830,-1,26835,27627
351,2374,-1,26835,27627
351,3000,-1,26835,27627
351,1923,-1,26834,27627
351,1846,-1,26833,27627
351,3027,-1,26833,27627
351,363,-1,26832,27627
351,2006,-1,26832,27627
351,1257,-1,26831,27627
351,2971,-1,26830,27627
351,1907,-1,26829,27627
351,1755,-1,26828,27627
296,351,-1,26827,27627
281,351,-1,26825,27627
351,1201,-1,26825,27627
351,2832,-1,26825,27627
351,2723,-1,26824,27627
351,2795,-1,26824,27627
20,351,-1,26821,27627
351,1800,-1,26821,27627
351,2948,-1,26821,27627
204,351,-1,26818,27627
351,2061,-1,26818,27627
213,351,-1,26817,27627
351,2083,-1,26817,27627
222,351,-1,26816,27627
351,1998,-1,26816,27627
351,2345,-1,26816,27627
351,3061,-1,26816,27627
351,2170,-1,26815,27627
351,2013,-1,26813,27627
351,2411,-1,26812,27627
116,351,-1,26811,27627
351,2952,-1,26811,27627
351,361,-1,26810,27627
351,1980,-1,26810,27627
351,1350,-1,26809,27627
351,1177,-1,26807,27627
351,1356,-1,26807,27627
351,2939,-1,26807,27627
253,351,-1,26804,27627
180,351,-1,26802,27627
351,379,-1,26801,27627
351,1283,-1,26799,27627
351,2612,-1,26798,27627
266,351,-1,26797,27627
351,2566,-1,26797,27627
351,2125,-1,26796,27627
351,2594,-1,26796,27627
100,351,-1,26795,27627
48,351,-1,26794,27627
351,2030,-1,26794,27627
351,2372,-1,26794,27627
351,670,-1,26793,27627
351,2396,-1,26793,27627
351,409,-1,26791,27627
351,1148,-1,26789,27627
350,351,-1,26788,27627
351,2617,-1,26787,27627
351,1708,-1,26785,27627
351,1371,-1,26784,27627
351,1896,-1,26783,27627
351,1995,-1,26783,27627
351,2778,-1,26783,27627
122,351,-1,26782,27627
351,483,-1,26780,27627
156,351,-1,26779,27627
351,1110,-1,26779,27627
114,351,-1,26778,27627
351,2414,-1,26778,27627
351,1020,-1,26776,27627
351,2068,-1,26776,27627
241,351,-1,26775,27627
111,351,-1,26772,27627
351,2498,-1,26772,27627
351,2892,-1,26772,27627
351,2142,-1,26769,27627
23,351,-1,26767,27627
351,1193,-1,26767,27627
351,1433,-1,26767,27627
351,656,-1,26766,27627
351,2699,-1,26766,27627
351,2737,-1,26765,27627
351,1962,-1,26764,27627
351,2897,-1,26763,27627
351,2534,-1,26762,27627
351,2420,-1,26760,27627
351,2328,-1,26759,27627
351,1782,-1,26758,27627
46,351,-1,26757,27627
351,2032,-1,26757,27627
351,1948,-1,26756,27627
351,2591,-1,26756,27627
351,3032,-1,26753,27627
334,351,-1,26749,27627
351,2809,-1,26747,27627
220,351,-1,26745,27627
13,351,-1,26743,27627
70,351,-1,26743,27627
118,351,-1,26743,27627
351,1873,-1,26742,27627
351,2542,-1,26741,27627
351,2604,-1,26741,27627
351,1777,-1,26738,27627
351,1240,-1,26736,27627
351,2601,-1,26736,27627
351,2871,-1,26732,27627
351,2915,-1,26732,27627
351,405,-1,26731,27627
351,2360,-1,26731,27627
351,2869,-1,26731,27627
146,351,-1,26728,27627
351,1788,-1,26725,27627
351,1937,-1,26725,27627
351,2954,-1,26725,27627
79,351,-1,26723,27627
351,1921,-1,26723,27627
351,1094,-1,26722,27627
351,706,-1,26721,27627
351,943,-1,26721,27627
351,669,-1,26719,27627
351,2487,-1,26719,27627
351,576,-1,26716,27627
351,1913,-1,26716,27627
351,2775,-1,26715,27627
351,2434,-1,26713,27627
351,1019,-1,26712,27627
351,1511,-1,26712,27627
351,2461,-1,26712,27627
351,2373,-1,26710,27627
351,404,-1,26709,27627
351,1398,-1,26703,27627
170,351,-1,26702,27627
351,822,-1,26702,27627
351,2000,-1,26702,27627
351,2894,-1,26700,27627
351,1310,-1,26699,27627
351,2058,-1,26697,27627
351,638,-1,26695,27627
351,1117,-1,26695,27627
351,454,-1,26690,27627
351,720,-1,26690,27627
351,2576,-1,26690,27627
351,762,-1,26689,27627
125,351,-1,26688,27627
351,1984,-1,26687,27627
351,2449,-1,26687,27627
308,351,-1,26686,27627
351,2475,-1,26686,27627
351,2643,-1,26685,27627
42,351,-1,26684,27627
231,351,-1,26684,27627
351,462,-1,26684,27627
351,613,-1,26684,27627
243,351,-1,26682,27627
351,1260,-1,26682,27627
351,2029,-1,26682,27627
351,922,-1,26681,27627
351,1385,-1,26680,27627
177,351,-1,26679,27627
351,396,-1,26679,27627
168,351,-1,26678,27627
351,2268,-1,26678,27627
351,764,-1,26677,27627
351,2940,-1,26677,27627
351,2077,-1,26675,27627
88,351,-1,26674,27627
351,2626,-1,26674,27627
242,351,-1,26673,27627
351,1150,-1,26671,27627
351,1160,-1,26671,27627
95,351,-1,26669,27627
320,351,-1,26666,27627
351,2168,-1,26665,27627
351,2500,-1,26665,27627
351,2317,-1,26661,27627
282,351,-1,26660,27627
351,758,-1,26660,27627
351,1130,-1,26658,27627
351,2105,-1,26658,27627
351,1545,-1,26655,27627
351,1765,-1,26655,27627
351,1994,-1,26654,27627
351,521,-1,26651,27627
351,2648,-1,26650,27627
351,2587,-1,26649,27627
351,491,-1,26648,27627
351,900,-1,26647,27627
351,744,-1,26646,27627
351,1180,-1,26646,27627
351,2338,-1,26646,27627
167,351,-1,26645,27627
351,377,-1,26643,27627
351,1044,-1,26643,27627
351,1761,-1,26643,27627
43,351,-1,26642,27627
351,2023,-1,26641,27627
207,351,-1,26639,27627
351,2283,-1,26639,27627
351,2959,-1,26638,27627
139,351,-1,26636,27627
229,351,-1,26634,27627
351,1227,-1,26633,27627
123,351,-1,26632,27627
103,351,-1,26628,27627
351,2480,-1,26628,27627
303,351,-1,26627,27627
351,466,-1,26623,27627
351,2605,-1,26623,27627
119,351,-1,26621,27627
351,2401,-1,26621,27627
221,351,-1,26618,27627
351,1214,-1,26618,27627
351,3017,-1,26617,27627
351,661,-1,26615,27627
351,507,-1,26614,27627
351,2560,-1,26614,27627
218,351,-1,26612,27627
351,3015,-1,26607,27627
351,2488,-1,26602,27627
351,2088,-1,26600,27627
351,364,-1,26595,27627
351,1295,-1,26595,27627
351,2644,-1,26593,27627
351,2716,-1,26593,27627
351,2728,-1,26590,27627
351,1936,-1,26589,27627
347,351,-1,26588,27627
351,394,-1,26587,27627
351,2876,-1,26584,27627
92,351,-1,26582,27627
299,351,-1,26582,27627
212,351,-1,26581,27627
351,2903,-1,26580,27627
351,1793,-1,26579,27627
351,2121,-1,26578,27627
258,351,-1,26577,27627
351,2960,-1,26577,27627
351,1958,-1,26576,27627
351,2785,-1,26576,27627
351,1170,-1,26575,27627
351,2513,-1,26573,27627
351,1081,-1,26568,27627
351,2812,-1,26568,27627
351,2256,-1,26566,27627
351,2941,-1,26566,27627
351,755,-1,26565,27627
351,1637,-1,26565,27627
351,2582,-1,26562,27627
351,1756,-1,26560,27627
351,2765,-1,26559,27627
351,2138,-1,26553,27627
351,2427,-1,26552,27627
143,351,-1,26548,27627
351,2655,-1,26546,27627
351,2403,-1,26544,27627
351,1802,-1,26543,27627
351,3078,-1,26543,27627
351,1803,-1,26542,27627
351,2541,-1,26542,27627
351,1871,-1,26540,27627
105,351,-1,26538,27627
351,2935,-1,26538,27627
351,2318,-1,26536,27627
351,2346,-1,26536,27627
351,412,-1,26535,27627
193,351,-1,26530,27627
351,3060,-1,26528,27627
351,2327,-1,26524,27627
351,2688,-1,26524,27627
351,760,-1,26523,27627
351,2195,-1,26521,27627
351,3014,-1,26520,27627
351,689,-1,26519,27627
351,892,-1,26518,27627
351,2514,-1,26518,27627
351,2965,-1,26517,27627
351,2007,-1,26516,27627
351,1895,-1,26514,27627
351,907,-1,26513,27627
351,1254,-1,26513,27627
351,2914,-1,26513,27627
351,408,-1,26512,27627
351,692,-1,26511,27627
351,1857,-1,26511,27627
351,1880,-1,26508,27627
351,2793,-1,26508,27627
351,1917,-1,26507,27627
351,2886,-1,26507,27627
174,351,-1,26505,27627
244,351,-1,26504,27627
351,1884,-1,26502,27627
351,1849,-1,26499,27627
351,2069,-1,26499,27627
351,2782,-1,26497,27627
351,2324,-1,26496,27627
351,2677,-1,26496,27627
192,351,-1,26493,27627
351,2141,-1,26493,27627
240,351,-1,26491,27627
351,2493,-1,26491,27627
182,351,-1,26490,27627
351,3042,-1,26490,27627
351,2760,-1,26489,27627
171,351,-1,26488,27627
351,2183,-1,26487,27627
351,635,-1,26486,27627
351,930,-1,26482,27627
351,2112,-1,26482,27627
351,568,-1,26480,27627
351,1856,-1,26475,27627
330,351,-1,26474,27627
351,2085,-1,26474,27627
351,2690,-1,26474,27627
294,351,-1,26473,27627
316,351,-1,26473,27627
341,351,-1,26470,27627
351,2804,-1,26470,27627
230,351,-1,26469,27627
351,2265,-1,26469,27627
351,928,-1,26468,27627
351,1859,-1,26468,27627
351,3044,-1,26468,27627
351,2242,-1,26467,27627
351,400,-1,26466,27627
351,407,-1,26466,27627
351,2717,-1,26466,27627
351,3013,-1,26466,27627
351,733,-1,26463,27627
351,1493,-1,26463,27627
351,718,-1,26461,27627
351,732,-1,26459,27627
351,2354,-1,26455,27627
58,351,-1,26453,27627
124,351,-1,26453,27627
351,2595,-1,26453,27627
351,804,-1,26452,27627
351,1930,-1,26451,27627
351,2796,-1,26450,27627
351,444,-1,26446,27627
351,1404,-1,26446,27627
54,351,-1,26444,27627
351,2044,-1,26444,27627
351,2036,-1,26437,27627
160,351,-1,26436,27627
351,1824,-1,26436,27627
153,351,-1,26432,27627
351,2739,-1,26432,27627
78,351,-1,26430,27627
351,927,-1,26430,27627
351,2133,-1,26430,27627
351,382,-1,26429,27627
351,736,-1,26427,27627
351,2693,-1,26424,27627
351,1787,-1,26423,27627
351,2269,-1,26423,27627
351,814,-1,26422,27627
135,351,-1,26421,27627
351,391,-1,26421,27627
351,1344,-1,26421,27627
351,2810,-1,26420,27627
351,616,-1,26418,27627
351,1815,-1,26418,27627
351,440,-1,26416,27627
351,2651,-1,26416,27627
351,2184,-1,26414,27627
351,2589,-1,26414,27627
246,351,-1,26412,27627
351,2750,-1,26412,27627
351,2768,-1,26412,27627
351,2711,-1,26410,27627
8,351,-1,26409,27627
351,463,-1,26409,27627
351,841,-1,26406,27627
351,2637,-1,26406,27627
351,2055,-1,26405,27627
351,2042,-1,26404,27627
351,2076,-1,26404,27627
351,431,-1,26403,27627
351,591,-1,26398,27627
351,2444,-1,26398,27627
351,2908,-1,26398,27627
351,2571,-1,26397,27627
351,518,-1,26396,27627
351,3082,-1,26394,27627
351,989,-1,26393,27627
57,351,-1,26392,27627
351,2205,-1,26392,27627
351,1989,-1,26391,27627
351,2296,-1,26391,27627
351,384,-1,26388,27627
351,2556,-1,26384,27627
351,2756,-1,26380,27627
351,374,-1,26379,27627
51,351,-1,26378,27627
65,351,-1,26378,27627
351,2512,-1,26378,27627
26,351,-1,26377,27627
351,411,-1,26377,27627
62,351,-1,26375,27627
351,921,-1,26374,27627
351,2947,-1,26374,27627
52,351,-1,26373,27627
351,2213,-1,26371,27627
351,677,-1,26370,27627
44,351,-1,26368,27627
351,976,-1,26368,27627
351,1421,-1,26367,27627
351,2130,-1,26366,27627
351,2264,-1,26365,27627
84,351,-1,26362,27627
351,429,-1,26362,27627
351,1866,-1,26360,27627
351,388,-1,26359,27627
351,2219,-1,26355,27627
351,461,-1,26353,27627
351,503,-1,26351,27627
351,2620,-1,26351,27627
351,2632,-1,26350,27627
351,456,-1,26349,27627
351,2398,-1,26348,27627
351,2468,-1,26348,27627
351,1323,-1,26347,27627
351,798,-1,26346,27627
351,2666,-1,26345,27627
149,351,-1,26343,27627
351,753,-1,26340,27627
351,1878,-1,26340,27627
351,2962,-1,26340,27627
351,549,-1,26339,27627
351,2799,-1,26339,27627
351,1438,-1,26338,27627
351,472,-1,26337,27627
351,1952,-1,26336,27627
351,410,-1,26334,27627
283,351,-1,26333,27627
351,557,-1,26332,27627
351,2539,-1,26332,27627
351,2640,-1,26332,27627
194,351,-1,26330,27627
351,2117,-1,26330,27627
351,1621,-1,26329,27627
351,415,-1,26328,27627
351,2026,-1,26328,27627
351,2588,-1,26328,27627
268,351,-1,26327,27627
293,351,-1,26326,27627
351,2880,-1,26324,27627
351,1839,-1,26323,27627
351,2356,-1,26321,27627
351,2616,-1,26321,27627
21,351,-1,26320,27627
351,2352,-1,26320,27627
351,574,-1,26319,27627
351,1912,-1,26319,27627
287,351,-1,26316,27627
343,351,-1,26316,27627
351,730,-1,26315,27627
219,351,-1,26314,27627
351,1781,-1,26313,27627
351,2297,-1,26311,27627
351,2991,-1,26310,27627
351,553,-1,26307,27627
351,2120,-1,26307,27627
351,1236,-1,26305,27627
351,1951,-1,26304,27627
351,703,-1,26300,27627
351,2098,-1,26300,27627
351,2339,-1,26300,27627
351,2929,-1,26295,27627
351,639,-1,26294,27627
351,2841,-1,26289,27627
152,351,-1,26288,27627
351,2583,-1,26288,27627
351,2685,-1,26288,27627
351,2738,-1,26287,27627
351,356,-1,26284,27627
351,1289,-1,26284,27627
351,2041,-1,26284,27627
351,1142,-1,26282,27627
351,2040,-1,26282,27627
351,2314,-1,26280,27627
351,2698,-1,26280,27627
351,2931,-1,26280,27627
351,1232,-1,26279,27627
351,651,-1,26278,27627
351,3083,-1,26277,27627
307,351,-1,26276,27627
351,2511,-1,26276,27627
351,2861,-1,26276,27627
351,664,-1,26275,27627
73,351,-1,26273,27627
351,842,-1,26271,27627
351,2745,-1,26271,27627
351,2419,-1,26270,27627
351,2873,-1,26270,27627
351,731,-1,26269,27627
158,351,-1,26268,27627
351,673,-1,26268,27627
351,3071,-1,26266,27627
351,2725,-1,26265,27627
131,351,-1,26262,27627
278,351,-1,26262,27627
351,2438,-1,26262,27627
351,2732,-1,26262,27627
351,1164,-1,26261,27627
351,358,-1,26259,27627
351,2300,-1,26258,27627
351,793,-1,26257,27627
29,351,-1,26256,27627
351,1982,-1,26255,27627
178,351,-1,26254,27627
257,351,-1,26254,27627
351,2705,-1,26254,27627
263,351,-1,26253,27627
351,1659,-1,26248,27627
161,351,-1,26246,27627
345,351,-1,26245,27627
351,1330,-1,26244,27627
351,562,-1,26242,27627
351,1450,-1,26240,27627
351,2744,-1,26239,27627
172,351,-1,26236,27627
351,2194,-1,26236,27627
351,589,-1,26235,27627
351,2459,-1,26235,27627
351,2519,-1,26235,27627
351,545,-1,26233,27627
351,2107,-1,26233,27627
340,351,-1,26232,27627
351,1118,-1,26231,27627
295,351,-1,26229,27627
351,551,-1,26229,27627
351,701,-1,26229,27627
351,2366,-1,26229,27627
351,2642,-1,26229,27627
351,1795,-1,26228,27627
351,2070,-1,26226,27627
351,899,-1,26225,27627
351,1942,-1,26225,27627
351,2946,-1,26224,27627
351,1927,-1,26222,27627
351,1822,-1,26220,27627
351,2335,-1,26217,27627
351,2310,-1,26215,27627
351,765,-1,26214,27627
351,2332,-1,26212,27627
351,1258,-1,26211,27627
351,2976,-1,26208,27627
351,1026,-1,26207,27627
351,852,-1,26205,27627
351,2471,-1,26205,27627
351,2454,-1,26202,27627
351,722,-1,26201,27627
351,888,-1,26201,27627
351,367,-1,26199,27627
351,2135,-1,26198,27627
351,684,-1,26194,27627
351,1929,-1,26194,27627
351,1677,-1,26191,27627
351,1772,-1,26190,27627
351,3088,-1,26189,27627
351,538,-1,26187,27627
351,567,-1,26187,27627
351,1077,-1,26187,27627
351,1916,-1,26186,27627
351,2701,-1,26185,27627
351,2896,-1,26184,27627
351,2574,-1,26183,27627
351,2510,-1,26182,27627
351,2611,-1,26182,27627
351,572,-1,26178,27627
351,1430,-1,26178,27627
351,2113,-1,26175,27627
351,1102,-1,26174,27627
351,1176,-1,26171,27627
351,2501,-1,26170,27627
351,1701,-1,26168,27627
351,3043,-1,26167,27627
351,2197,-1,26166,27627
351,905,-1,26164,27627
351,1479,-1,26164,27627
351,1963,-1,26164,27627
351,2109,-1,26163,27627
351,2856,-1,26163,27627
351,2422,-1,26162,27627
351,2615,-1,26162,27627
351,1635,-1,26161,27627
351,2303,-1,26156,27627
351,2189,-1,26154,27627
351,3058,-1,26154,27627
351,501,-1,26153,27627
351,1372,-1,26151,27627
351,1390,-1,26151,27627
351,2767,-1,26147,27627
41,351,-1,26145,27627
351,2446,-1,26145,27627
351,520,-1,26144,27627
351,1654,-1,26144,27627
351,2762,-1,26144,27627
351,2271,-1,26142,27627
351,1990,-1,26141,27627
351,2330,-1,26140,27627
250,351,-1,26137,27627
351,2340,-1,26137,27627
351,2128,-1,26135,27627
351,738,-1,26134,27627
351,747,-1,26134,27627
351,1139,-1,26133,27627
351,375,-1,26132,27627
351,2111,-1,26132,27627
181,351,-1,26131,27627
351,2980,-1,26129,27627
351,2075,-1,26127,27627
351,596,-1,26126,27627
351,2817,-1,26126,27627
351,1845,-1,26123,27627
351,2368,-1,26123,27627
351,2038,-1,26122,27627
351,2884,-1,26121,27627
351,3029,-1,26120,27627
351,2393,-1,26119,27627
351,1301,-1,26117,27627
351,1049,-1,26116,27627
351,1032,-1,26112,27627
351,1791,-1,26111,27627
351,1934,-1,26111,27627
351,1894,-1,26110,27627
351,2333,-1,26109,27627
208,351,-1,26108,27627
351,695,-1,26106,27627
351,685,-1,26105,27627
351,1778,-1,26104,27627
351,2115,-1,26104,27627
351,473,-1,26103,27627
351,2209,-1,26102,27627
351,1818,-1,26100,27627
59,351,-1,26095,27627
351,1883,-1,26095,27627
17,351,-1,26092,27627
351,2387,-1,26090,27627
351,1959,-1,26089,27627
351,2086,-1,26089,27627
22,351,-1,26088,27627
351,863,-1,26087,27627
351,2970,-1,26087,27627
351,2573,-1,26083,27627
351,1972,-1,26081,27627
351,2845,-1,26081,27627
186,351,-1,26076,27627
270,351,-1,26071,27627
351,1796,-1,26071,27627
351,1776,-1,26070,27627
351,1837,-1,26070,27627
351,812,-1,26069,27627
351,365,-1,26067,27627
202,351,-1,26064,27627
351,387,-1,26063,27627
351,2336,-1,26060,27627
351,2966,-1,26059,27627
351,1242,-1,26056,27627
351,474,-1,26054,27627
351,2779,-1,26054,27627
351,2814,-1,26053,27627
351,1419,-1,26052,27627
351,2562,-1,26052,27627
351,1103,-1,26049,27627
351,2925,-1,26043,27627
351,2865,-1,26042,27627
351,1833,-1,26041,27627
351,486,-1,26037,27627
351,1968,-1,26037,27627
214,351,-1,26034,27627
197,351,-1,26033,27627
351,1334,-1,26032,27627
351,1971,-1,26032,27627
351,2875,-1,26032,27627
267,351,-1,26031,27627
351,1287,-1,26031,27627
351,2467,-1,26030,27627
351,803,-1,26028,27627
351,2101,-1,26028,27627
351,2821,-1,26028,27627
351,2669,-1,26026,27627
351,2466,-1,26024,27627
351,2127,-1,26022,27627
351,776,-1,26020,27627
351,2918,-1,26019,27627
351,1051,-1,26018,27627
351,455,-1,26017,27627
351,2218,-1,26016,27627
351,2852,-1,26015,27627
351,569,-1,26011,27627
351,2708,-1,26006,27627
351,1919,-1,26005,27627
351,2613,-1,26004,27627
351,909,-1,26002,27627
351,2226,-1,26002,27627
351,2485,-1,26002,27627
351,559,-1,26000,27627
351,1626,-1,25998,27627
351,1223,-1,25996,27627
351,2509,-1,25995,27627
133,351,-1,25993,27627
351,2819,-1,25991,27627
351,607,-1,25989,27627
351,2081,-1,25989,27627
351,2267,-1,25988,27627
351,942,-1,25987,27627
351,2972,-1,25986,27627
351,757,-1,25985,27627
351,3020,-1,25985,27627
132,351,-1,25981,27627
351,2662,-1,25981,27627
351,2702,-1,25980,27627
351,2200,-1,25978,27627
351,2371,-1,25977,27627
351,443,-1,25976,27627
351,2489,-1,25974,27627
351,830,-1,25973,27627
351,502,-1,25971,27627
351,779,-1,25969,27627
351,963,-1,25967,27627
351,2157,-1,25965,27627
351,1092,-1,25962,27627
351,2082,-1,25962,27627
351,713,-1,25959,27627
351,2923,-1,25958,27627
351,735,-1,25957,27627
351,548,-1,25956,27627
351,671,-1,25954,27627
351,715,-1,25953,27627
351,1932,-1,25953,27627
351,2320,-1,25953,27627
351,2185,-1,25952,27627
351,1642,-1,25951,27627
351,1066,-1,25950,27627
351,2482,-1,25945,27627
351,390,-1,25941,27627
351,457,-1,25939,27627
351,1064,-1,25939,27627
351,2458,-1,25930,27627
234,351,-1,25929,27627
351,1841,-1,25929,27627
351,2532,-1,25924,27627
351,2526,-1,25923,27627
351,2289,-1,25918,27627
351,2624,-1,25916,27627
351,601,-1,25914,27627
351,2949,-1,25912,27627
351,437,-1,25909,27627
351,2864,-1,25904,27627
273,351,-1,25903,27627
351,751,-1,25900,27627
351,2033,-1,25900,27627
351,770,-1,25896,27627
199,351,-1,25895,27627
351,413,-1,25895,27627
351,369,-1,25894,27627
351,1265,-1,25893,27627
351,895,-1,25892,27627
351,2306,-1,25892,27627
351,2982,-1,25886,27627
351,1672,-1,25883,27627
351,3033,-1,25881,27627
351,1211,-1,25878,27627
351,2274,-1,25878,27627
351,629,-1,25875,27627
351,2520,-1,25875,27627
351,739,-1,25874,27627
351,2228,-1,25872,27627
351,2499,-1,25872,27627
127,351,-1,25871,27627
351,2406,-1,25870,27627
351,2258,-1,25869,27627
351,1804,-1,25867,27627
351,2090,-1,25863,27627
351,2920,-1,25862,27627
142,351,-1,25861,27627
351,2490,-1,25861,27627
351,2646,-1,25861,27627
261,351,-1,25859,27627
286,351,-1,25852,27627
351,2525,-1,25852,27627
351,2491,-1,25851,27627
351,2675,-1,25847,27627
351,1925,-1,25846,27627
351,1641,-1,25842,27627
351,1436,-1,25840,27627
351,3011,-1,25839,27627
351,2451,-1,25837,27627
351,2262,-1,25836,27627
351,2973,-1,25834,27627
351,2486,-1,25830,27627
351,434,-1,25828,27627
351,2008,-1,25827,27627
351,1106,-1,25826,27627
351,2308,-1,25826,27627
351,1763,-1,25822,27627
159,351,-1,25815,27627
351,2633,-1,25814,27627
351,2045,-1,25813,27627
351,2847,-1,25808,27627
351,2294,-1,25807,27627
351,2287,-1,25805,27627
351,1046,-1,25802,27627
351,833,-1,25800,27627
351,448,-1,25798,27627
351,2257,-1,25797,27627
344,351,-1,25794,27627
351,618,-1,25793,27627
351,1933,-1,25791,27627
11,351,-1,25789,27627
351,1985,-1,25789,27627
311,351,-1,25787,27627
351,887,-1,25787,27627
351,1847,-1,25785,27627
280,351,-1,25784,27627
351,352,-1,25782,27627
351,436,-1,25781,27627
351,894,-1,25779,27627
351,1855,-1,25778,27627
198,351,-1,25774,27627
351,1816,-1,25774,27627
351,592,-1,25773,27627
351,2453,-1,25772,27627
351,1608,-1,25766,27627
351,2854,-1,25766,27627
351,389,-1,25763,27627
351,2531,-1,25762,27627
272,351,-1,25760,27627
351,3039,-1,25759,27627
351,1770,-1,25758,27627
351,3081,-1,25757,27627
351,2934,-1,25756,27627
351,914,-1,25752,27627
351,465,-1,25750,27627
351,547,-1,25749,27627
351,1767,-1,25749,27627
351,953,-1,25748,27627
351,2911,-1,25748,27627
351,2298,-1,25742,27627
338,351,-1,25738,27627
305,351,-1,25737,27627
351,2071,-1,25736,27627
351,782,-1,25735,27627
351,2530,-1,25734,27627
351,2790,-1,25734,27627
351,2757,-1,25733,27627
351,2322,-1,25732,27627
351,2577,-1,25732,27627
351,2089,-1,25731,27627
351,2559,-1,25729,27627
238,351,-1,25725,27627
351,1733,-1,25724,27627
351,1275,-1,25722,27627
351,498,-1,25721,27627
128,351,-1,25718,27627
351,787,-1,25717,27627
351,2365,-1,25717,27627
351,3041,-1,25710,27627
351,2839,-1,25708,27627
351,2430,-1,25706,27627
351,611,-1,25704,27627
317,351,-1,25699,27627
351,385,-1,25699,27627
351,1999,-1,25699,27627
351,2275,-1,25694,27627
351,3052,-1,25692,27627
140,351,-1,25686,27627
277,351,-1,25686,27627
351,1986,-1,25686,27627
351,1810,-1,25680,27627
351,2524,-1,25679,27627
351,1991,-1,25676,27627
351,1926,-1,25675,27627
351,468,-1,25669,27627
203,351,-1,25668,27627
351,649,-1,25665,27627
351,1121,-1,25663,27627
351,1806,-1,25663,27627
351,2150,-1,25662,27627
176,351,-1,25661,27627
351,771,-1,25654,27627
351,2776,-1,25649,27627
164,351,-1,25647,27627
275,351,-1,25642,27627
351,2932,-1,25640,27627
351,884,-1,25639,27627
351,1911,-1,25639,27627
351,849,-1,25637,27627
351,2704,-1,25632,27627
155,351,-1,25631,27627
351,1944,-1,25626,27627
351,2348,-1,25621,27627
279,351,-1,25619,27627
351,903,-1,25616,27627
351,660,-1,25612,27627
351,2687,-1,25612,27627
351,682,-1,25611,27627
274,351,-1,25609,27627
351,1004,-1,25607,27627
351,2408,-1,25607,27627
351,593,-1,25602,27627
239,351,-1,25598,27627
9,351,-1,25595,27627
297,351,-1,25593,27627
351,2802,-1,25590,27627
351,1354,-1,25587,27627
351,2584,-1,25587,27627
351,2955,-1,25585,27627
351,509,-1,25583,27627
351,2992,-1,25581,27627
351,2273,-1,25578,27627
351,2344,-1,25577,27627
351,519,-1,25576,27627
37,351,-1,25575,27627
262,351,-1,25575,27627
351,610,-1,25575,27627
351,2505,-1,25575,27627
224,351,-1,25574,27627
351,2203,-1,25573,27627
351,1836,-1,25570,27627
351,2921,-1,25568,27627
351,1794,-1,25567,27627
351,1629,-1,25564,27627
351,1423,-1,25563,27627
351,2667,-1,25559,27627
351,2791,-1,25558,27627
351,809,-1,25554,27627
351,2977,-1,25549,27627
351,1336,-1,25548,27627
351,393,-1,25547,27627
351,2792,-1,25546,27627
351,2827,-1,25543,27627
351,640,-1,25540,27627
351,2569,-1,25539,27627
351,1157,-1,25538,27627
351,2753,-1,25538,27627
351,1657,-1,25537,27627
351,2504,-1,25537,27627
351,2149,-1,25536,27627
351,2600,-1,25536,27627
351,1771,-1,25535,27627
351,423,-1,25531,27627
351,874,-1,25531,27627
351,1071,-1,25531,27627
351,652,-1,25530,27627
351,911,-1,25529,27627
351,2862,-1,25527,27627
351,1315,-1,25520,27627
351,2928,-1,25519,27627
351,1343,-1,25514,27627
351,2518,-1,25513,27627
351,1017,-1,25512,27627
351,563,-1,25511,27627
351,1379,-1,25511,27627
351,2930,-1,25509,27627
351,785,-1,25507,27627
351,2478,-1,25504,27627
351,584,-1,25501,27627
351,1757,-1,25501,27627
351,1825,-1,25501,27627
351,1023,-1,25500,27627
351,3080,-1,25492,27627
351,2496,-1,25489,27627
351,2580,-1,25486,27627
351,1683,-1,25485,27627
351,2905,-1,25481,27627
351,1808,-1,25480,27627
351,2284,-1,25475,27627
351,2377,-1,25475,27627
351,1624,-1,25472,27627
351,435,-1,25469,27627
351,728,-1,25468,27627
349,351,-1,25466,27627
351,710,-1,25462,27627
351,2278,-1,25461,27627
166,351,-1,25458,27627
351,2635,-1,25451,27627
351,2724,-1,25450,27627
351,3072,-1,25439,27627
351,1798,-1,25438,27627
351,818,-1,25435,27627
351,1775,-1,25432,27627
351,2153,-1,25430,27627
351,885,-1,25422,27627
351,2709,-1,25420,27627
351,877,-1,25418,27627
351,966,-1,25414,27627
351,1319,-1,25414,27627
351,2410,-1,25412,27627
351,586,-1,25404,27627
351,854,-1,25404,27627
351,1860,-1,25404,27627
351,2334,-1,25403,27627
351,941,-1,25387,27627
351,2282,-1,25387,27627
351,973,-1,25386,27627
351,433,-1,25385,27627
351,2056,-1,25383,27627
315,351,-1,25381,27627
351,2700,-1,25377,27627
351,1922,-1,25374,27627
351,426,-1,25371,27627
351,1681,-1,25370,27627
351,2818,-1,25366,27627
351,2483,-1,25362,27627
351,2881,-1,25362,27627
71,351,-1,25361,27627
351,650,-1,25361,27627
163,351,-1,25359,27627
351,2625,-1,25359,27627
351,2764,-1,25359,27627
351,1247,-1,25358,27627
351,2394,-1,25356,27627
351,2674,-1,25356,27627
351,1250,-1,25355,27627
351,2239,-1,25355,27627
351,2893,-1,25348,27627
162,351,-1,25347,27627
233,351,-1,25346,27627
351,2900,-1,25339,27627
351,643,-1,25335,27627
351,2395,-1,25335,27627
351,2780,-1,25332,27627
351,2409,-1,25323,27627
351,3023,-1,25323,27627
351,428,-1,25319,27627
351,556,-1,25318,27627
291,351,-1,25317,27627
351,1584,-1,25315,27627
351,3087,-1,25314,27627
351,1969,-1,25312,27627
351,745,-1,25311,27627
351,1252,-1,25311,27627
351,2022,-1,25310,27627
351,1224,-1,25309,27627
351,784,-1,25302,27627
351,1615,-1,25302,27627
351,2223,-1,25301,27627
351,1534,-1,25300,27627
351,965,-1,25297,27627
302,351,-1,25293,27627
351,1580,-1,25292,27627
351,633,-1,25291,27627
169,351,-1,25290,27627
351,860,-1,25288,27627
351,1140,-1,25285,27627
351,1887,-1,25285,27627
183,351,-1,25283,27627
351,880,-1,25280,27627
351,2978,-1,25280,27627
351,1673,-1,25278,27627
351,534,-1,25277,27627
351,2592,-1,25268,27627
351,2815,-1,25268,27627
351,2216,-1,25263,27627
351,2445,-1,25260,27627
351,2186,-1,25258,27627
351,1779,-1,25250,27627
351,614,-1,25248,27627
351,2043,-1,25248,27627
351,1699,-1,25241,27627
351,2607,-1,25240,27627
351,2362,-1,25233,27627
351,623,-1,25230,27627
351,1955,-1,25230,27627
351,1128,-1,25229,27627
351,386,-1,25228,27627
351,1073,-1,25228,27627
351,1625,-1,25226,27627
351,2733,-1,25225,27627
351,450,-1,25221,27627
351,1129,-1,25219,27627
351,424,-1,25218,27627
351,1780,-1,25217,27627
351,2277,-1,25215,27627
191,351,-1,25213,27627
333,351,-1,25208,27627
188,351,-1,25207,27627
351,663,-1,25207,27627
351,1809,-1,25206,27627
351,2774,-1,25206,27627
351,1714,-1,25203,27627
351,3089,-1,25202,27627
173,351,-1,25201,27627
351,935,-1,25199,27627
351,359,-1,25198,27627
351,1425,-1,25192,27627
290,351,-1,25191,27627
351,2758,-1,25191,27627
351,1712,-1,25190,27627
351,2473,-1,25186,27627
351,360,-1,25185,27627
351,355,-1,25184,27627
351,376,-1,25183,27627
351,1736,-1,25180,27627
351,2250,-1,25179,27627
351,1645,-1,25178,27627
351,910,-1,25174,27627
351,1797,-1,25164,27627
351,726,-1,25163,27627
351,1031,-1,25156,27627
351,1715,-1,25155,27627
351,1212,-1,25154,27627
351,447,-1,25147,27627
313,351,-1,25146,27627
351,2813,-1,25146,27627
351,827,-1,25141,27627
351,1965,-1,25141,27627
0,351,-1,25139,27627
351,951,-1,25132,27627
351,659,-1,25131,27627
351,2565,-1,25130,27627
351,482,-1,25129,27627
351,823,-1,25127,27627
226,351,-1,25125,27627
351,918,-1,25123,27627
351,3008,-1,25123,27627
351,2424,-1,25122,27627
232,351,-1,25121,27627
351,1742,-1,25120,27627
351,2448,-1,25117,27627
351,1281,-1,25116,27627
351,1678,-1,25116,27627
351,1241,-1,25112,27627
351,2407,-1,25108,27627
351,383,-1,25105,27627
351,422,-1,25105,27627
351,2786,-1,25102,27627
351,497,-1,25097,27627
351,2370,-1,25096,27627
289,351,-1,25095,27627
351,2638,-1,25093,27627
328,351,-1,25089,27627
351,438,-1,25088,27627
351,1279,-1,25078,27627
351,2596,-1,25078,27627
351,2207,-1,25076,27627
351,2994,-1,25069,27627
351,1518,-1,25067,27627
210,351,-1,25066,27627
351,368,-1,25066,27627
189,351,-1,25065,27627
351,406,-1,25065,27627
351,1556,-1,25065,27627
351,2295,-1,25064,27627
351,2323,-1,25064,27627
351,780,-1,25063,27627
351,1167,-1,25062,27627
351,719,-1,25058,27627
209,351,-1,25057,27627
351,686,-1,25056,27627
351,767,-1,25055,27627
351,1348,-1,25051,27627
211,351,-1,25046,27627
351,1614,-1,25044,27627
351,1666,-1,25041,27627
351,3074,-1,25041,27627
351,494,-1,25038,27627
351,604,-1,25034,27627
351,889,-1,25032,27627
351,2442,-1,25023,27627
227,351,-1,25022,27627
351,2823,-1,25020,27627
351,2936,-1,25019,27627
351,445,-1,25018,27627
351,1185,-1,25015,27627
351,1773,-1,25008,27627
351,2859,-1,24999,27627
351,2254,-1,24995,27627
351,946,-1,24990,27627
136,351,-1,24984,27627
351,717,-1,24982,27627
351,1388,-1,24982,27627
351,1768,-1,24982,27627
351,1588,-1,24976,27627
351,2528,-1,24976,27627
351,2598,-1,24976,27627
351,1789,-1,24969,27627
351,1266,-1,24964,27627
351,872,-1,24961,27627
351,2784,-1,24956,27627
351,1593,-1,24948,27627
351,1306,-1,24941,27627
318,351,-1,24940,27627
351,1498,-1,24937,27627
351,2831,-1,24935,27627
141,351,-1,24933,27627
351,1609,-1,24930,27627
351,416,-1,24925,27627
351,1693,-1,24924,27627
351,2347,-1,24924,27627
351,775,-1,24923,27627
351,541,-1,24920,27627
351,1759,-1,24920,27627
351,3038,-1,24917,27627
351,646,-1,24915,27627
351,666,-1,24906,27627
351,690,-1,24905,27627
351,1109,-1,24903,27627
351,939,-1,24901,27627
351,882,-1,24897,27627
259,351,-1,24896,27627
351,1373,-1,24894,27627
351,1676,-1,24892,27627
351,485,-1,24884,27627
351,516,-1,24881,27627
351,2860,-1,24881,27627
351,2868,-1,24881,27627
351,2285,-1,24880,27627
351,3046,-1,24878,27627
351,2155,-1,24877,27627
351,2521,-1,24874,27627
351,958,-1,24873,27627
351,1153,-1,24873,27627
351,1313,-1,24873,27627
351,2988,-1,24871,27627
351,564,-1,24870,27627
351,2602,-1,24866,27627
351,3024,-1,24863,27627
351,1322,-1,24861,27627
351,724,-1,24857,27627
351,1737,-1,24856,27627
351,712,-1,24855,27627
265,351,-1,24852,27627
351,1658,-1,24849,27627
351,2922,-1,24848,27627
247,351,-1,24841,27627
351,460,-1,24841,27627
351,796,-1,24838,27627
351,464,-1,24835,27627
351,917,-1,24833,27627
351,2019,-1,24828,27627
351,2551,-1,24828,27627
351,2281,-1,24825,27627
351,2807,-1,24824,27627
351,2909,-1,24822,27627
351,417,-1,24819,27627
351,936,-1,24812,27627
351,546,-1,24811,27627
351,515,-1,24808,27627
351,2261,-1,24803,27627
351,2423,-1,24801,27627
351,658,-1,24800,27627
351,532,-1,24794,27627
351,700,-1,24794,27627
351,954,-1,24789,27627
304,351,-1,24788,27627
351,2522,-1,24788,27627
351,1735,-1,24786,27627
351,870,-1,24784,27627
351,1277,-1,24783,27627
351,599,-1,24782,27627
351,602,-1,24773,27627
351,2279,-1,24772,27627
351,3001,-1,24772,27627
351,2993,-1,24770,27627
351,1294,-1,24769,27627
351,1730,-1,24768,27627
351,2770,-1,24768,27627
351,886,-1,24765,27627
235,351,-1,24761,27627
351,1239,-1,24760,27627
351,2783,-1,24758,27627
351,1605,-1,24757,27627
351,2747,-1,24749,27627
351,3056,-1,24745,27627
288,351,-1,24739,27627
351,575,-1,24739,27627
351,839,-1,24737,27627
115,351,-1,24736,27627
216,351,-1,24736,27627
351,1562,-1,24731,27627
351,2840,-1,24731,27627
285,351,-1,24718,27627
351,353,-1,24718,27627
351,1305,-1,24707,27627
351,2502,-1,24700,27627
351,554,-1,24695,27627
351,2714,-1,24693,27627
351,1194,-1,24692,27627
351,2552,-1,24686,27627
351,484,-1,24682,27627
351,1734,-1,24681,27627
351,1723,-1,24680,27627
351,2124,-1,24679,27627
351,743,-1,24674,27627
306,351,-1,24669,27627
351,2987,-1,24667,27627
271,351,-1,24664,27627
351,1950,-1,24653,27627
351,3026,-1,24652,27627
351,2883,-1,24651,27627
351,1209,-1,24650,27627
351,2899,-1,24650,27627
351,439,-1,24643,27627
351,582,-1,24638,27627
351,1114,-1,24638,27627
351,749,-1,24637,27627
351,1414,-1,24636,27627
252,351,-1,24635,27627
351,678,-1,24631,27627
351,815,-1,24630,27627
351,912,-1,24625,27627
351,471,-1,24622,27627
351,1096,-1,24622,27627
351,1230,-1,24608,27627
351,1716,-1,24602,27627
34,351,-1,24598,27627
351,1033,-1,24582,27627
351,1587,-1,24581,27627
351,1335,-1,24576,27627
351,1585,-1,24575,27627
351,729,-1,24570,27627
351,864,-1,24562,27627
351,2808,-1,24557,27627
351,2603,-1,24552,27627
351,853,-1,24548,27627
351,805,-1,24534,27627
351,2564,-1,24527,27627
351,2734,-1,24523,27627
351,357,-1,24522,27627
351,1832,-1,24521,27627
351,2618,-1,24512,27627
351,1649,-1,24509,27627
351,778,-1,24508,27627
351,1628,-1,24508,27627
351,2399,-1,24505,27627
351,1324,-1,24504,27627
351,867,-1,24499,27627
351,2907,-1,24491,27627
351,1115,-1,24489,27627
351,2997,-1,24489,27627
351,2091,-1,24488,27627
351,414,-1,24479,27627
351,926,-1,24479,27627
351,2460,-1,24479,27627
351,1700,-1,24476,27627
351,2964,-1,24475,27627
351,2664,-1,24471,27627
351,2951,-1,24462,27627
351,1729,-1,24455,27627
351,1551,-1,24453,27627
351,1753,-1,24450,27627
351,2558,-1,24449,27627
351,2379,-1,24439,27627
351,2769,-1,24439,27627
351,1273,-1,24434,27627
351,1526,-1,24433,27627
351,1457,-1,24425,27627
351,624,-1,24419,27627
351,1333,-1,24417,27627
351,2270,-1,24417,27627
351,2855,-1,24415,27627
351,945,-1,24405,27627
351,832,-1,24403,27627
351,577,-1,24397,27627
187,351,-1,24395,27627
351,1740,-1,24394,27627
351,655,-1,24392,27627
351,949,-1,24392,27627
215,351,-1,24391,27627
351,1640,-1,24389,27627
351,2011,-1,24389,27627
351,707,-1,24387,27627
351,2820,-1,24383,27627
351,1748,-1,24376,27627
351,908,-1,24375,27627
351,362,-1,24374,27627
351,543,-1,24370,27627
351,1268,-1,24366,27627
351,354,-1,24364,27627
351,453,-1,24360,27627
351,1691,-1,24359,27627
144,351,-1,24357,27627
351,862,-1,24357,27627
351,2579,-1,24350,27627
351,1146,-1,24344,27627
351,1764,-1,24344,27627
351,1043,-1,24343,27627
351,1086,-1,24343,27627
351,2054,-1,24342,27627
351,1544,-1,24329,27627
351,1739,-1,24326,27627
351,1711,-1,24325,27627
351,931,-1,24318,27627
351,1607,-1,24318,27627
351,1617,-1,24318,27627
351,1665,-1,24315,27627
351,1762,-1,24304,27627
351,881,-1,24298,27627
351,1101,-1,24296,27627
351,2740,-1,24295,27627
351,2998,-1,24289,27627
351,2066,-1,24287,27627
351,2870,-1,24276,27627
351,988,-1,24274,27627
351,2986,-1,24272,27627
351,2161,-1,24270,27627
351,1623,-1,24260,27627
351,2259,-1,24260,27627
351,1104,-1,24257,27627
351,1697,-1,24255,27627
351,2846,-1,24248,27627
351,826,-1,24246,27627
351,1646,-1,24244,27627
351,2681,-1,24241,27627
351,2443,-1,24239,27627
351,1653,-1,24238,27627
351,371,-1,24229,27627
351,1543,-1,24225,27627
351,3004,-1,24222,27627
351,2015,-1,24221,27627
351,2777,-1,24218,27627
351,1568,-1,24215,27627
351,2457,-1,24213,27627
351,2850,-1,24213,27627
351,2858,-1,24207,27627
165,351,-1,24206,27627
351,915,-1,24206,27627
351,1299,-1,24206,27627
351,1717,-1,24200,27627
351,817,-1,24192,27627
351,512,-1,24188,27627
2,351,-1,24174,27627
351,857,-1,24174,27627
351,2979,-1,24173,27627
351,2956,-1,24171,27627
351,2400,-1,24166,27627
137,351,-1,24163,27627
264,351,-1,24161,27627
351,947,-1,24155,27627
351,1620,-1,24153,27627
351,2217,-1,24151,27627
351,2878,-1,24149,27627
351,2877,-1,24145,27627
351,2800,-1,24138,27627
351,1732,-1,24137,27627
351,381,-1,24136,27627
351,627,-1,24136,27627
351,2369,-1,24136,27627
351,1695,-1,24135,27627
90,351,-1,24120,27627
351,2095,-1,24114,27627
351,2754,-1,24112,27627
351,783,-1,24100,27627
351,373,-1,24095,27627
351,1706,-1,24094,27627
351,2981,-1,24093,27627
351,693,-1,24091,27627
351,1619,-1,24090,27627
351,2469,-1,24089,27627
351,1359,-1,24080,27627
351,1428,-1,24080,27627
351,1632,-1,24080,27627
351,2741,-1,24078,27627
351,1573,-1,24077,27627
351,1655,-1,24077,27627
351,615,-1,24075,27627
351,1047,-1,24073,27627
351,1652,-1,24072,27627
351,1604,-1,24069,27627
351,467,-1,24067,27627
351,523,-1,24065,27627
351,1396,-1,24064,27627
351,1817,-1,24053,27627
351,1941,-1,24047,27627
351,654,-1,24042,27627
126,351,-1,24036,27627
351,1547,-1,24032,27627
351,1648,-1,24031,27627
351,2094,-1,24030,27627
351,397,-1,24029,27627
351,2874,-1,24025,27627
351,2508,-1,24017,27627
351,392,-1,24016,27627
351,1154,-1,24016,27627
351,492,-1,24013,27627
351,1290,-1,24011,27627
201,351,-1,24009,27627
351,1370,-1,24003,27627
351,1663,-1,24002,27627
351,514,-1,24001,27627
351,708,-1,23985,27627
217,351,-1,23982,27627
351,1231,-1,23980,27627
351,723,-1,23960,27627
351,2974,-1,23959,27627
351,688,-1,23955,27627
351,1821,-1,23953,27627
351,2048,-1,23942,27627
351,2222,-1,23929,27627
351,2432,-1,23921,27627
351,1271,-1,23918,27627
32,351,-1,23914,27627
351,802,-1,23914,27627
351,2752,-1,23914,27627
351,458,-1,23903,27627
351,1353,-1,23900,27627
351,1368,-1,23898,27627
351,829,-1,23895,27627
351,1286,-1,23889,27627
351,2805,-1,23889,27627
351,3079,-1,23885,27627
351,2543,-1,23879,27627
351,425,-1,23876,27627
351,919,-1,23872,27627
351,1630,-1,23864,27627
351,2325,-1,23862,27627
351,2503,-1,23854,27627
351,2572,-1,23847,27627
351,1650,-1,23843,27627
351,2097,-1,23843,27627
351,578,-1,23839,27627
351,1508,-1,23839,27627
351,487,-1,23835,27627
351,2341,-1,23835,27627
351,1156,-1,23834,27627
351,2885,-1,23834,27627
351,1495,-1,23833,27627
321,351,-1,23810,27627
351,964,-1,23803,27627
351,2251,-1,23803,27627
351,1602,-1,23799,27627
351,752,-1,23783,27627
351,1931,-1,23780,27627
351,2933,-1,23780,27627
15,351,-1,23776,27627
351,1679,-1,23776,27627
351,978,-1,23771,27627
351,2212,-1,23766,27627
351,1251,-1,23760,27627
351,1728,-1,23753,27627
351,622,-1,23751,27627
351,478,-1,23748,27627
351,511,-1,23748,27627
351,1386,-1,23728,27627
351,1724,-1,23724,27627
351,835,-1,23719,27627
351,2119,-1,23715,27627
351,1284,-1,23714,27627
351,2004,-1,23708,27627
351,1703,-1,23706,27627
351,1492,-1,23694,27627
351,2788,-1,23694,27627
351,1575,-1,23689,27627
351,844,-1,23687,27627
351,2225,-1,23686,27627
351,2888,-1,23680,27627
314,351,-1,23676,27627
351,667,-1,23674,27627
351,1455,-1,23673,27627
351,1705,-1,23672,27627
351,781,-1,23668,27627
351,2696,-1,23667,27627
351,2772,-1,23666,27627
351,868,-1,23659,27627
351,2367,-1,23657,27627
351,2719,-1,23652,27627
351,1682,-1,23643,27627
351,3009,-1,23643,27627
351,1559,-1,23641,27627
351,636,-1,23636,27627
351,524,-1,23631,27627
351,2436,-1,23628,27627
298,351,-1,23625,27627
351,1566,-1,23623,27627
351,2913,-1,23614,27627
351,2479,-1,23613,27627
351,1582,-1,23611,27627
351,1461,-1,23608,27627
351,1489,-1,23608,27627
351,1618,-1,23608,27627
351,542,-1,23606,27627
351,2828,-1,23604,27627
351,1690,-1,23603,27627
351,3036,-1,23602,27627
351,1409,-1,23600,27627
351,1601,-1,23593,27627
351,1233,-1,23591,27627
351,1864,-1,23576,27627
351,2816,-1,23572,27627
351,883,-1,23567,27627
351,1829,-1,23552,27627
190,351,-1,23548,27627
351,940,-1,23542,27627
351,427,-1,23537,27627
351,981,-1,23536,27627
351,1522,-1,23535,27627
351,846,-1,23530,27627
351,1689,-1,23530,27627
351,761,-1,23527,27627
351,810,-1,23521,27627
351,2307,-1,23514,27627
351,571,-1,23512,27627
351,2811,-1,23510,27627
351,1074,-1,23494,27627
351,2319,-1,23494,27627
351,2428,-1,23487,27627
351,1656,-1,23485,27627
351,2062,-1,23484,27627
351,1744,-1,23482,27627
351,1636,-1,23479,27627
351,1924,-1,23477,27627
351,1166,-1,23463,27627
351,873,-1,23462,27627
351,1012,-1,23460,27627
351,2916,-1,23454,27627
351,1726,-1,23449,27627
351,1060,-1,23434,27627
351,878,-1,23431,27627
351,1746,-1,23431,27627
351,1877,-1,23430,27627
351,493,-1,23429,27627
351,1688,-1,23429,27627
351,1957,-1,23428,27627
351,2654,-1,23425,27627
351,1523,-1,23417,27627
351,2288,-1,23416,27627
351,3035,-1,23407,27627
351,2668,-1,23404,27627
351,1900,-1,23400,27627
351,838,-1,23394,27627
351,1709,-1,23394,27627
351,2158,-1,23388,27627
351,529,-1,23386,27627
351,1447,-1,23386,27627
351,489,-1,23378,27627
351,2240,-1,23377,27627
351,3062,-1,23371,27627
351,2311,-1,23366,27627
351,535,-1,23364,27627
351,3034,-1,23362,27627
351,987,-1,23358,27627
351,2159,-1,23348,27627
351,1591,-1,23345,27627
351,691,-1,23344,27627
351,1813,-1,23328,27627
351,1304,-1,23327,27627
351,1152,-1,23312,27627
351,1603,-1,23312,27627
351,2957,-1,23312,27627
351,2092,-1,23308,27627
351,3022,-1,23308,27627
351,2639,-1,23305,27627
351,1337,-1,23304,27627
351,1674,-1,23304,27627
351,1851,-1,23293,27627
351,2857,-1,23291,27627
351,1549,-1,23286,27627
351,1738,-1,23285,27627
351,2363,-1,23284,27627
351,2910,-1,23282,27627
223,351,-1,23278,27627
351,901,-1,23264,27627
351,786,-1,23256,27627
351,1138,-1,23230,27627
351,1966,-1,23228,27627
351,979,-1,23224,27627
351,525,-1,23223,27627
351,648,-1,23220,27627
351,1569,-1,23212,27627
351,3040,-1,23209,27627
351,1979,-1,23206,27627
351,558,-1,23204,27627
351,1045,-1,23190,27627
351,859,-1,23186,27627
351,1946,-1,23184,27627
351,2272,-1,23180,27627
292,351,-1,23179,27627
351,789,-1,23176,27627
351,1879,-1,23166,27627
351,2215,-1,23163,27627
337,351,-1,23157,27627
351,2102,-1,23157,27627
351,1196,-1,23156,27627
351,1467,-1,23154,27627
351,2943,-1,23151,27627
351,1480,-1,23149,27627
351,1576,-1,23143,27627
107,351,-1,23140,27627
351,1443,-1,23138,27627
351,2134,-1,23136,27627
351,714,-1,23135,27627
351,2231,-1,23135,27627
351,668,-1,23128,27627
351,459,-1,23125,27627
351,1320,-1,23124,27627
351,1179,-1,23121,27627
351,475,-1,23120,27627
351,1661,-1,23120,27627
351,1727,-1,23112,27627
351,1967,-1,23110,27627
351,2426,-1,23110,27627
351,1426,-1,23108,27627
351,2803,-1,23101,27627
351,1684,-1,23086,27627
351,1906,-1,23086,27627
351,2087,-1,23073,27627
251,351,-1,23066,27627
351,580,-1,23055,27627
351,2628,-1,23054,27627
351,1184,-1,23051,27627
351,1939,-1,23050,27627
351,1546,-1,23045,27627
351,1309,-1,23038,27627
351,1496,-1,23036,27627
351,1125,-1,23027,27627
351,1486,-1,23026,27627
236,351,-1,23024,27627
351,2100,-1,23017,27627
351,916,-1,23015,27627
351,734,-1,23013,27627
351,432,-1,23011,27627
351,1178,-1,23007,27627
351,2538,-1,23006,27627
351,1612,-1,22995,27627
351,2224,-1,22991,27627
351,1528,-1,22975,27627
351,1552,-1,22975,27627
351,2749,-1,22975,27627
351,1446,-1,22974,27627
351,597,-1,22964,27627
351,2492,-1,22963,27627
351,2025,-1,22960,27627
351,1634,-1,22959,27627
351,1662,-1,22956,27627
351,2204,-1,22955,27627
351,2439,-1,22955,27627
351,709,-1,22952,27627
351,1647,-1,22951,27627
351,1384,-1,22948,27627
312,351,-1,22943,27627
332,351,-1,22943,27627
351,2232,-1,22941,27627
351,1579,-1,22940,27627
351,2229,-1,22938,27627
351,1687,-1,22931,27627
351,2516,-1,22922,27627
351,716,-1,22908,27627
351,1664,-1,22891,27627
351,495,-1,22883,27627
351,504,-1,22882,27627
351,544,-1,22881,27627
351,1100,-1,22868,27627
351,530,-1,22862,27627
351,3059,-1,22859,27627
351,1506,-1,22858,27627
351,1915,-1,22858,27627
351,819,-1,22857,27627
351,1904,-1,22849,27627
351,1540,-1,22848,27627
351,1577,-1,22846,27627
351,2718,-1,22843,27627
351,1538,-1,22842,27627
351,800,-1,22838,27627
351,967,-1,22837,27627
351,1285,-1,22833,27627
351,1108,-1,22828,27627
351,1369,-1,22828,27627
351,1408,-1,22828,27627
351,1858,-1,22822,27627
351,1345,-1,22815,27627
351,536,-1,22806,27627
351,2507,-1,22806,27627
351,1891,-1,22800,27627
351,2078,-1,22800,27627
351,2291,-1,22799,27627
351,801,-1,22792,27627
351,451,-1,22787,27627
351,1992,-1,22786,27627
351,725,-1,22785,27627
351,2397,-1,22773,27627
351,446,-1,22770,27627
351,2889,-1,22768,27627
351,3066,-1,22767,27627
351,2140,-1,22755,27627
351,1570,-1,22741,27627
351,1554,-1,22730,27627
351,1399,-1,22727,27627
351,626,-1,22725,27627
351,2131,-1,22721,27627
351,1750,-1,22719,27627
351,794,-1,22717,27627
351,645,-1,22716,27627
351,1731,-1,22706,27627
351,2035,-1,22703,27627
351,2156,-1,22698,27627
351,1685,-1,22677,27627
351,533,-1,22669,27627
351,1300,-1,22661,27627
351,3002,-1,22659,27627
249,351,-1,22643,27627
351,1571,-1,22643,27627
351,1651,-1,22642,27627
351,1454,-1,22632,27627
351,2824,-1,22632,27627
351,2280,-1,22626,27627
351,631,-1,22621,27627
351,1572,-1,22621,27627
351,1229,-1,22607,27627
351,1494,-1,22607,27627
351,1541,-1,22589,27627
351,2072,-1,22577,27627
351,1564,-1,22571,27627
351,1542,-1,22569,27627
351,1668,-1,22561,27627
351,1253,-1,22553,27627
351,1389,-1,22549,27627
351,508,-1,22546,27627
351,871,-1,22546,27627
351,676,-1,22540,27627
351,1749,-1,22538,27627
351,2942,-1,22534,27627
351,537,-1,22527,27627
351,1801,-1,22521,27627
351,1422,-1,22520,27627
351,2198,-1,22519,27627
351,2849,-1,22518,27627
351,1278,-1,22509,27627
351,1598,-1,22497,27627
351,1189,-1,22495,27627
351,2465,-1,22489,27627
351,1581,-1,22482,27627
351,2652,-1,22477,27627
351,806,-1,22467,27627
351,617,-1,22461,27627
351,2364,-1,22457,27627
351,1487,-1,22448,27627
351,1280,-1,22441,27627
351,2787,-1,22439,27627
351,2179,-1,22438,27627
351,1558,-1,22436,27627
351,609,-1,22432,27627
351,2237,-1,22428,27627
351,2292,-1,22424,27627
351,560,-1,22422,27627
351,1589,-1,22399,27627
351,2743,-1,22395,27627
351,2557,-1,22392,27627
351,1842,-1,22391,27627
351,1449,-1,22383,27627
351,2844,-1,22374,27627
351,2506,-1,22364,27627
351,3031,-1,22363,27627
351,561,-1,22359,27627
351,1067,-1,22357,27627
351,697,-1,22356,27627
351,1519,-1,22336,27627
351,2211,-1,22326,27627
351,1085,-1,22323,27627
351,2547,-1,22320,27627
351,1317,-1,22312,27627
351,1606,-1,22300,27627
351,843,-1,22292,27627
351,2586,-1,22279,27627
351,1472,-1,22275,27627
351,674,-1,22265,27627
351,1361,-1,22242,27627
351,2034,-1,22242,27627
351,861,-1,22240,27627
351,1303,-1,22235,27627
351,1465,-1,22233,27627
351,1725,-1,22232,27627
351,470,-1,22229,27627
351,2236,-1,22226,27627
351,2073,-1,22212,27627
351,2391,-1,22211,27627
351,2206,-1,22185,27627
351,2838,-1,22178,27627
351,506,-1,22166,27627
351,1563,-1,22161,27627
351,1473,-1,22160,27627
351,1751,-1,22158,27627
351,2456,-1,22155,27627
351,620,-1,22147,27627
351,1123,-1,22147,27627
351,1415,-1,22144,27627
351,505,-1,22143,27627
351,1427,-1,22136,27627
351,1119,-1,22116,27627
351,2014,-1,22110,27627
351,1463,-1,22105,27627
351,1567,-1,22072,27627
351,2357,-1,22067,27627
351,657,-1,22065,27627
351,1718,-1,22065,27627
351,1616,-1,22059,27627
351,904,-1,22041,27627
351,555,-1,22028,27627
351,402,-1,22025,27627
351,2431,-1,22021,27627
351,2110,-1,21989,27627
351,2678,-1,21988,27627
351,1680,-1,21969,27627
351,1743,-1,21967,27627
351,603,-1,21951,27627
351,2623,-1,21943,27627
351,449,-1,21939,27627
351,1222,-1,21930,27627
351,1514,-1,21923,27627
351,1485,-1,21920,27627
351,1686,-1,21920,27627
351,2208,-1,21910,27627
351,836,-1,21892,27627
351,1525,-1,21883,27627
351,990,-1,21874,27627
351,1696,-1,21870,27627
351,828,-1,21852,27627
351,1093,-1,21849,27627
351,1360,-1,21835,27627
351,768,-1,21833,27627
351,893,-1,21798,27627
351,1509,-1,21783,27627
351,1747,-1,21780,27627
351,797,-1,21778,27627
351,2697,-1,21747,27627
351,510,-1,21741,27627
351,980,-1,21709,27627
351,1331,-1,21698,27627
351,1397,-1,21693,27627
351,1329,-1,21684,27627
351,906,-1,21676,27627
351,1476,-1,21676,27627
351,1720,-1,21671,27627
351,763,-1,21636,27627
351,2517,-1,21624,27627
351,3050,-1,21610,27627
351,583,-1,21605,27627
351,1437,-1,21593,27627
351,628,-1,21565,27627
351,1219,-1,21558,27627
351,1456,-1,21555,27627
351,1481,-1,21546,27627
351,1163,-1,21501,27627
351,2151,-1,21499,27627
351,1395,-1,21492,27627
351,746,-1,21488,27627
351,2535,-1,21481,27627
351,469,-1,21480,27627
351,750,-1,21476,27627
351,477,-1,21475,27627
351,1596,-1,21473,27627
351,587,-1,21459,27627
351,2193,-1,21438,27627
351,1482,-1,21425,27627
351,923,-1,21396,27627
351,1349,-1,21383,27627
351,2376,-1,21363,27627
351,1535,-1,21359,27627
351,2359,-1,21351,27627
351,3090,-1,21333,27627
351,573,-1,21326,27627
351,1491,-1,21311,27627
351,1411,-1,21297,27627
351,2167,-1,21295,27627
351,1586,-1,21293,27627
351,1292,-1,21278,27627
351,840,-1,21251,27627
351,1082,-1,21244,27627
351,1187,-1,21233,27627
351,825,-1,21196,27627
351,1490,-1,21186,27627
351,1210,-1,21180,27627
351,1537,-1,21167,27627
351,2763,-1,21148,27627
351,1245,-1,21130,27627
351,1458,-1,21095,27627
351,1667,-1,21056,27627
351,672,-1,21016,27627
351,1346,-1,20995,27627
351,500,-1,20988,27627
351,1758,-1,20987,27627
351,896,-1,20986,27627
351,1434,-1,20923,27627
351,1888,-1,20920,27627
351,1502,-1,20918,27627
351,811,-1,20859,27627
351,1007,-1,20858,27627
351,821,-1,20856,27627
351,452,-1,20855,27627
351,772,-1,20837,27627
351,598,-1,20821,27627
351,1513,-1,20802,27627
1,351,-1,20801,27627
351,824,-1,20789,27627
351,831,-1,20787,27627
351,653,-1,20778,27627
351,1954,-1,20762,27627
351,2766,-1,20757,27627
351,1362,-1,20749,27627
351,1478,-1,20745,27627
228,351,-1,20717,27627
351,372,-1,20701,27627
351,1600,-1,20701,27627
351,566,-1,20677,27627
351,1592,-1,20669,27627
351,1439,-1,20651,27627
351,790,-1,20647,27627
351,2331,-1,20647,27627
351,759,-1,20646,27627
351,2214,-1,20613,27627
351,550,-1,20612,27627
351,1297,-1,20583,27627
351,1448,-1,20574,27627
351,1075,-1,20540,27627
351,1517,-1,20526,27627
351,1507,-1,20511,27627
351,1527,-1,20463,27627
351,704,-1,20456,27627
351,834,-1,20456,27627
351,683,-1,20446,27627
351,579,-1,20422,27627
351,2912,-1,20417,27627
38,351,-1,20367,27627
351,1468,-1,20328,27627
327,351,-1,20308,27627
351,1471,-1,20297,27627
351,1270,-1,20273,27627
351,1451,-1,20268,27627
351,581,-1,20266,27627
351,1469,-1,20264,27627
351,540,-1,20259,27627
351,2162,-1,20234,27627
351,2658,-1,20227,27627
351,1521,-1,20207,27627
351,699,-1,20183,27627
351,1431,-1,20178,27627
351,680,-1,20125,27627
351,527,-1,20107,27627
351,1405,-1,20107,27627
351,1504,-1,20085,27627
351,1255,-1,20073,27627
351,496,-1,20049,27627
351,902,-1,20035,27627
351,681,-1,20024,27627
351,845,-1,20022,27627
351,986,-1,20021,27627
351,1365,-1,20008,27627
351,754,-1,19990,27627
351,807,-1,19983,27627
351,1429,-1,19943,27627
351,816,-1,19936,27627
351,813,-1,19854,27627
351,1376,-1,19826,27627
351,2104,-1,19804,27627
351,1459,-1,19771,27627
351,1413,-1,19764,27627
351,606,-1,19757,27627
351,1453,-1,19756,27627
351,1069,-1,19740,27627
351,1382,-1,19739,27627
351,3018,-1,19683,27627
351,662,-1,19672,27627
351,1466,-1,19672,27627
351,1291,-1,19650,27627
351,1520,-1,19645,27627
351,795,-1,19639,27627
351,777,-1,19615,27627
351,1516,-1,19582,27627
351,1512,-1,19581,27627
351,1347,-1,19559,27627
351,1393,-1,19515,27627
351,773,-1,19513,27627
351,1510,-1,19443,27627
351,1560,-1,19425,27627
351,1499,-1,19403,27627
351,1416,-1,19402,27627
351,594,-1,19383,27627
351,1435,-1,19347,27627
351,1470,-1,19299,27627
351,1464,-1,19294,27627
351,1087,-1,19253,27627
351,1483,-1,19246,27627
351,1500,-1,19119,27627
351,1342,-1,19091,27627
351,570,-1,19057,27627
351,2220,-1,18937,27627
351,742,-1,18934,27627
351,879,-1,18915,27627
351,2755,-1,18890,27627
351,612,-1,18878,27627
351,625,-1,18868,27627
351,858,-1,18863,27627
351,1364,-1,18784,27627
351,1078,-1,18770,27627
351,1574,-1,18742,27627
351,1505,-1,18737,27627
351,2201,-1,18709,27627
351,1462,-1,18664,27627
351,741,-1,18612,27627
351,1412,-1,18580,27627
351,1127,-1,18525,27627
351,837,-1,18510,27627
351,792,-1,18508,27627
351,788,-1,18487,27627
351,820,-1,18447,27627
351,748,-1,18340,27627
351,1238,-1,18300,27627
351,675,-1,18287,27627
351,847,-1,18208,27627
351,737,-1,18133,27627
351,702,-1,18104,27627
284,351,-1,18091,27627
351,1474,-1,18051,27627
351,600,-1,17854,27627
351,855,-1,17794,27627
351,1332,-1,17794,27627
351,2645,-1,17720,27627
351,1378,-1,17715,27627
351,1501,-1,17673,27627
351,2234,-1,17655,27627
329,351,-1,17494,27627
351,696,-1,17465,27627
351,2549,-1,17418,27627
351,637,-1,17346,27627
351,401,-1,17336,27627
351,539,-1,17265,27627
351,1441,-1,17246,27627
351,665,-1,17202,27627
351,2727,-1,17170,27627
351,721,-1,17073,27627
254,351,-1,16981,27627
184,351,-1,16726,27627
200,351,-1,16703,27627
351,1052,-1,16683,27627
351,711,-1,16544,27627
351,441,-1,16510,27627
351,2659,-1,16477,27627
351,2494,-1,16450,27627
351,517,-1,16294,27627
351,1978,-1,16268,27627
351,679,-1,16092,27627
351,694,-1,15965,27627
351,866,-1,15951,27627
351,442,-1,15718,27627
351,850,-1,15289,27627
351,1987,-1,15087,27627
351,875,-1,14994,27627
351,370,-1,14733,27627
351,851,-1,14706,27627
351,1557,-1,14428,27627
351,630,-1,14363,27627
351,1477,-1,13864,27627
351,3030,-1,13529,27627
351,632,-1,13365,27627
351,619,-1,13350,27627
31,351,-1,13100,27627
351,585,-1,11754,27627
351,403,-1,11701,27627
351,490,-1,10798,27627
351,687,-1,10253,27627
351,1215,-1,9939,27627
351,2416,-1,8627,27627
351,705,-1,6121,27627
351,774,-1,5483,27627
255,351,-1,4998,27627
331,351,-1,708,27627
351,1444,-1,60,27627
